303 	SCA8000205
3-In-One 	SCA8000210
3M 	SCA8000215
5 Star 	SCA8000300
AAP 	SCA8000790
ACL 	SCA8000810
ACDelco 	SCA8000812
AcPro 	SCA8000813
Acme 	SCA8000815
Australian Clutch Services 	SCA8000820
Active 	SCA8000825
AE 	SCA8000860
Aerial 	SCA8000870
Aeroflow 	SCA8000875
Aeromotive 	SCA8000880
Aerpro 	SCA8000885
AFI 	SCA8000890
AFL 	SCA8000895
Air Boy 	SCA8000903
Airbag Man 	SCA8000910
Aisin 	SCA8000925
Akai 	SCA8000927
Alcolimit 	SCA8000930
Alemlube 	SCA8000940
Al-Ko 	SCA8000945
All Crash 	SCA8000950
Alpine 	SCA8000956
Altrex 	SCA8000960
Ambi Pur 	SCA8000965
Ampfibian 	SCA8000970
Apex 	SCA8000983
APV 	SCA8000985
Ark 	SCA8000990
Armor All 	SCA8000995
Aromadrive 	SCA8001000
ARP 	SCA8001005
ATC 	SCA8001020
Atlantic 	SCA8001022
Aunger 	SCA8001026
Austral 	SCA8001035
Auto Kolone 	SCA8001050
Auto Lens 	SCA8001055
Auto Solutions 	SCA8001060
Autoglym 	SCA8001065
Autolite 	SCA8001070
Autometer 	SCA8001075
Autosol 	SCA8001085
Autotecnica 	SCA8001100
B Rap 	SCA8001200
B&M 	SCA8001205
Balco 	SCA8001222
Banana Boat 	SCA8001230
Bar's Bugs 	SCA8001235
Basco 	SCA8001237
BCF 	SCA8001244
Bearing Wholesalers 	SCA8001250
Bendix 	SCA8001255
Berklee 	SCA8001265
Best Buy 	SCA8001270
BigBoi 	SCA8001273
Bikeservice 	SCA8001280
Bilstein 	SCA8001282
Bio-Pak 	SCA8001285
Bissell 	SCA8001290
Blackridge 	SCA8001310
BlackVue 	SCA8001312
Blaupunkt 	SCA8001313
Bluetti 	SCA8001317
BMC 	SCA8001320
BMW Plastic 	SCA8001321
Bodyline 	SCA8001325
Bodyworx 	SCA8001327
Bolle 	SCA8001335
Boonma 	SCA8001340
BootUte 	SCA8001351
Bosch 	SCA8001355
Bowden's Own 	SCA8001380
Brake Bonders 	SCA8001385
Brembo 	SCA8001395
Bremtec 	SCA8001400
Browntrout 	SCA8001414
BTA 	SCA8001415
Bully Liner 	SCA8001422
Bundaberg Rum 	SCA8001427
Bush Dreaming 	SCA8001430
Bynorm 	SCA8001445
Cabin Crew 	SCA8001800
Calibre 	SCA8001805
California Scents 	SCA8001810
CalOffroad 	SCA8001817
Camec 	SCA8001820
Campfire 	SCA8001825
Canton Racing Products 	SCA8001835
Car Gods 	SCA8001849
Caross 	SCA8001850
Cargo Mate 	SCA8001860
Castrol 	SCA8001885
CAT 	SCA8001890
CBC 	SCA8001900
Century 	SCA8001920
Champion 	SCA8001925
Chemical Guys 	SCA8001931
Chemtech 	SCA8001935
Chief 	SCA8001945
Cigweld 	SCA8001955
Clevite 	SCA8001965
Clingtape 	SCA8001970
Clip It On 	SCA8001972
CLOUDLUX 	SCA8001975
Cloyes 	SCA8001980
Clutch Industries 	SCA8001990
Coca-Cola 	SCA8001996
Colorspec 	SCA8002005
Command 	SCA8002015
Commando 	SCA8002020
Companion 	SCA8002030
Cooper 	SCA8002032
Coverall 	SCA8002045
CPC 	SCA8002060
CR 	SCA8002065
CRC 	SCA8002075
Crossfire 	SCA8002083
Crow Cams 	SCA8002085
Cruisemaster 	SCA8002087
CVR 	SCA8002089
Daido 	SCA8002200
Dana Tru-Cool 	SCA8002203
Dart 	SCA8002205
Davies Craig 	SCA8002210
Day of The Dead 	SCA8002212
Dayco 	SCA8002215
DBA 	SCA8002220
Delphi 	SCA8002235
Denso 	SCA8002245
Dent Guard 	SCA8002246
DeWALT 	SCA8002252
Dickies 	SCA8002261
Direction Plus 	SCA8002270
Dobinsons 	SCA8002275
Dometic 	SCA8002280
Dorcy 	SCA8002284
Dremel 	SCA8002292
Drift 	SCA8002295
DTA 	SCA8002315
Dupli-Color 	SCA8002320
Durabond 	SCA8002325
Durapro 	SCA8002330
Dynagrip 	SCA8002335
Dynaweld 	SCA8002337
Eagle 	SCA8002600
FAI 	SCA8002603
Easylift 	SCA8002608
Edelbrock 	SCA8002615
EFS 	SCA8002625
Electric Life 	SCA8002635
Elemental 	SCA8002640
Elements 	SCA8002642
Ellery 	SCA8002645
Endeavour Tools 	SCA8002657
Endless Summer 	SCA8002658
Enduralight 	SCA8002659
Endurotec 	SCA8002660
Enerdrive 	SCA8002662
Energizer 	SCA8002665
Enforcer 	SCA8002666
Engine Pro 	SCA8002668
Engel 	SCA8002669
Envirofluid 	SCA8002670
Esteem 	SCA8002675
Euca 	SCA8002680
Eufy 	SCA8002681
Evapo-Rust 	SCA8002700
EVC 	SCA8002702
Eveready 	SCA8002710
Exedy 	SCA8002725
Explore 	SCA8002730
Export 	SCA8002740
Fan Emblems 	SCA8002746
FANtastic Stickers 	SCA8002747
Ezilift 	SCA8002750
Febest Auto Parts 	SCA8002806
FEBI 	SCA8002807
Fel-Pro 	SCA8002810
Ferrea 	SCA8002825
Fischer 	SCA8002830
Fitech 	SCA8002833
Fix-A-Flat 	SCA8002835
Flexible Drive 	SCA8002845
Ford 	SCA8002855
Formula 	SCA8002860
Foxwell 	SCA8002862
Front Runner 	SCA8002872
Fuel Doctor 	SCA8002880
Fulcrum 	SCA8002895
Gabriel 	SCA8003200
Gaffa 	SCA8003205
Garmin 	SCA8003210
Gates 	SCA8003220
Gator 	SCA8003225
GearWrench 	SCA8003240
General Motors 	SCA8003245
Genex 	SCA8003255
Genoem 	SCA8003260
Germanica 	SCA8003262
Gerson 	SCA8003270
GFB 	SCA8003275
Glyco 	SCA8003305
GMB 	SCA8003310
Gorilla 	SCA8003317
Goss 	SCA8003320
Gregory's 	SCA8003345
Gripwell 	SCA8003360
GritMitts 	SCA8003361
Gyeon 	SCA8003362
GSP 	SCA8003370
Gtechniq 	SCA8003373
Guardian 	SCA8003375
Gulf Western 	SCA8003380
GWS 	SCA8003385
Haigh 	SCA8003600
Hardkorr 	SCA8003611
Hard Yakka 	SCA8003614
Hayman Reese 	SCA8003615
Hastings 	SCA8003616
Haynes 	SCA8003620
Heat Protection Products 	SCA8003624
Heatshield Products 	SCA8003625
Hella 	SCA8003630
Hema 	SCA8003640
Herculiner 	SCA8003643
HKT 	SCA8003670
Holden 	SCA8003675
Holley 	SCA8003680
Horizon 	SCA8003705
Hot Devil 	SCA8003710
Hot Hands 	SCA8003712
Hot Stuff 	SCA8003715
Hot Wheels 	SCA8003717
Houdini 	SCA8003719
Hulk 4X4 	SCA8003727
Hurst 	SCA8003730
IBS 	SCA8003800
Ignite 	SCA8003810
Ilana 	SCA8003827
Infasecure 	SCA8003832
Injectronics 	SCA8003835
Inox 	SCA8003840
Invisible Glass 	SCA8003855
Isopon 	SCA8003870
iTAG 	SCA8003875
JAS 	SCA8004010
Jayair 	SCA8004015
Jaylec 	SCA8004020
Jayrad 	SCA8004025
JB Weld 	SCA8004026
Jelly Belly 	SCA8004035
Jones & Davey 	SCA8004047
JP 	SCA8004050
Jrone 	SCA8004056
Juicy Couture 	SCA8004058
JVC 	SCA8004060
JW Speaker 	SCA8004065
K & P Engineering 	SCA8004400
K&N 	SCA8004405
Karcher 	SCA8004420
Katana 	SCA8004425
KCB 	SCA8004429
Kch Heads 	SCA8004430
Kelford Cams 	SCA8004435
Kenco 	SCA8004445
Kenwood 	SCA8004450
Kia 	SCA8004452
KickAss 	SCA8004453
Kilkenny 	SCA8004455
Kincrome 	SCA8004470
King 	SCA8004475
King Engine Bearings 	SCA8004485
King Racing 	SCA8004490
King Springs 	SCA8004495
Knipex 	SCA8004514
Koala Kare 	SCA8004515
KOK 	SCA8004517
Kolbenschmidt 	SCA8004520
Koni 	SCA8004525
Konig 	SCA8004526
Koyorad 	SCA8004530
Kovix 	SCA8004532
K-Seal 	SCA8004540
KT Cables 	SCA8004545
Lanotec 	SCA8004600
Lauxes 	SCA8004602
Laser 	SCA8004603
Leatherman 	SCA8004604
Liberty Classics 	SCA8004605
Lightning 	SCA8004625
LIQUI MOLY 	SCA8004635
Little Trees 	SCA8004655
Loctite 	SCA8004662
Looney Tunes 	SCA8004663
Love This Life 	SCA8004664
Lost Eyewear 	SCA8004670
Lucas 	SCA8004680
Lynx 	SCA8004686
Mackay 	SCA8005200
Mahle 	SCA8005205
MAP 	SCA8005225
Martyr Anodes 	SCA8005231
Masterlock 	SCA8005245
Matrix 	SCA8005255
Matson 	SCA8005260
Maxtrax 	SCA8005280
Mean Mother 	SCA8005292
Mechanix Wear 	SCA8005295
Meguiar's 	SCA8005310
Melling 	SCA8005315
Memorex 	SCA8005322
Metrinch 	SCA8005330
Michelin 	SCA8005335
MicroFlex 	SCA8005338
Mitsubishi 	SCA8005364
Mobil 	SCA8005380
Mobil 1 	SCA8005385
Monroe 	SCA8005390
MTN 	SCA8005391
Morey's 	SCA8005400
Mothers 	SCA8005410
Mother's Choice 	SCA8005415
Motopart 	SCA8005420
Motorkool 	SCA8005425
MSA 4x4 	SCA8005432
MSD 	SCA8005435
Myne 	SCA8005460
NA Parts 	SCA8005590
NAK 	SCA8005600
Nanocam + 	SCA8005605
Narva 	SCA8005610
Nason 	SCA8005617
National 	SCA8005620
Navman 	SCA8005625
NDC 	SCA8005627
NextBase 	SCA8005636
NEP 	SCA8005637
NGK 	SCA8005640
Nice 	SCA8005650
Nissan 	SCA8005657
Nitto 	SCA8005660
No Vac 	SCA8005665
NOCO 	SCA8005670
NOK 	SCA8005680
Nolathane 	SCA8005685
Norton 	SCA8005690
NPR 	SCA8005697
NRL 	SCA8005700
Nuline 	SCA8005725
Nulon 	SCA8005730
Oakwood 	SCA8005800
Ocean Signal 	SCA8005802
OEM 	SCA8005805
Oetiker 	SCA8005810
Oil Eater 	SCA8005817
Optibelt 	SCA8005825
Optima 	SCA8005830
Orcon 	SCA8005845
Oricom 	SCA8005850
OTC 	SCA8005865
Outback Canvas 	SCA8005870
Oxford 	SCA8005885
Oztent 	SCA8005900
OZtrail 	SCA8005910
P&N 	SCA8006400
Pacemaker 	SCA8006405
Packmate 	SCA8006410
Parklane 	SCA8006425
Paradise Air 	SCA8006426
Parkmate 	SCA8006427
PAT 	SCA8006435
Payen 	SCA8006442
Penrite 	SCA8006450
Perfect Circle 	SCA8006460
Performance Racing 	SCA8006470
Perei 	SCA8006474
Permaseal 	SCA8006480
Permatex 	SCA8006485
Petronas 	SCA8006490
Pierburg 	SCA8006505
Pioneer 	SCA8006515
Plasti Dip 	SCA8006520
Platinum 	SCA8006525
Polycraft 	SCA8006537
Powabrake 	SCA8006553
Powerbond 	SCA8006560
Power Crank 	SCA8006562
Powerdrive 	SCA8006570
Powermax 	SCA8006575
Powerstop 	SCA8006580
Premier 	SCA8006600
Prestige 	SCA8006612
Prima 	SCA8006617
Prinetti 	SCA8006622
Pro Quip 	SCA8006625
Proex 	SCA8006640
Projecta 	SCA8006650
Project MU 	SCA8006652
Prolock 	SCA8006655
Promata 	SCA8006660
Proquip 	SCA8006665
Prorack 	SCA8006670
Protective Plastics 	SCA8006675
Protectomat 	SCA8006680
Protex 	SCA8006685
Protorque 	SCA8006690
Pryml 	SCA8006694
Purasolve 	SCA8006695
Quad Lock 	SCA8006802
R.M.Williams 	SCA8007200
Race Performance 	SCA8007205
Raceworks 	SCA8007210
RAE 	SCA8007220
Rags in Bags 	SCA8007222
Rain-X 	SCA8007225
Raptor 	SCA8007232
Raw 4X4 	SCA8007240
Red Bull 	SCA8007245
Red Bull Ampol Racing 	SCA8007250
Red Line Oil 	SCA8007252
Repreve 	SCA8007253
Redback 	SCA8007260
Redline Breathalysers 	SCA8007262
Redline Performance 	SCA8007263
Rescue Swag 	SCA8007264
Restraint Technologies 	SCA8007295
Renogy 	SCA8007300
Rhino Rack 	SCA8007303
Ridge Ryder 	SCA8007310
Ring 	SCA8007315
Ringers Western 	SCA8007317
Rip Curl 	SCA8007324
Rislone 	SCA8007325
Roadsafe 	SCA8007330
Roadtrip Essential 	SCA8007337
Rockwell ShopSeries 	SCA8007345
ROK 	SCA8007347
Rola 	SCA8007350
Roll Control 	SCA8007355
Roo Systems 	SCA8007362
Ross Racing 	SCA8007363
Royal Purple 	SCA8007365
RSP 	SCA8007375
RubberTree 	SCA8007380
Rugged 	SCA8007385
Rusted Solutions 	SCA8007390
Rustoleum 	SCA8007392
Rust-Oleum 	SCA8007395
RustStop 	SCA8007400
RUPES 	SCA8007406
Ryco 	SCA8007410
SAAS 	SCA8008000
Sachs 	SCA8008005
Sachs Max 	SCA8008007
Sabco 	SCA8008010
Safari 	SCA8008013
Safeguard 	SCA8008014
Safe Soda 	SCA8008015
Safety 1St 	SCA8008020
Sakura 	SCA8008030
Salty Captain 	SCA8008033
Sanden 	SCA8008035
SBI 	SCA8008037
SCA 	SCA8008045
SCAT 	SCA8008052
SCHAEFFLER 	SCA8008056
Scosche 	SCA8008060
Sealed Power 	SCA8008075
Selby 	SCA8008085
Selleys 	SCA8008090
Septone 	SCA8008095
Seymour's 	SCA8008102
SGF 	SCA8008105
Shell 	SCA8008110
Shevron 	SCA8008115
Sia Abrasives 	SCA8008116
SIC Signs 	SCA8008118
Sierra 	SCA8008121
Simply 	SCA8008122
Sikaflex 	SCA8008130
Silkolene 	SCA8008135
Silvolite 	SCA8008137
Skechers 	SCA8008143
Slime 	SCA8008150
Smart-O 	SCA8008160
Smelly Balls 	SCA8008165
Snake Dreaming 	SCA8008170
Solvables 	SCA8008174
SONAX 	SCA8008177
Sony 	SCA8008180
Sound Shield 	SCA8008185
Spal 	SCA8008195
Sparco 	SCA8008205
Spareco 	SCA8008210
Spareco Econo 	SCA8008215
Speed Pro 	SCA8008230
Sperling 	SCA8008235
Sphere 	SCA8008237
Spider Tarp 	SCA8008240
Ss Inductions 	SCA8008255
STA 	SCA8008260
Sta-Bil 	SCA8008265
Stanley 	SCA8008280
Steelmate 	SCA8008305
Sterling 	SCA8008315
StingRay 	SCA8008323
Street Series 	SCA8008335
Sunland 	SCA8008350
Sunrise 	SCA8008351
Superpro 	SCA8008360
Swan 	SCA8008369
Sutton 	SCA8008370
Swann 	SCA8008371
SWD 	SCA8008372
SWISSTECH 	SCA8008373
Sykes 	SCA8008380
Taiho 	SCA8008400
Tailored 	SCA8008405
Tailored Car Accessories 	SCA8008410
Tarzan's Grip 	SCA8008415
TDC 	SCA8008422
TDJ 	SCA8008423
Tekbond 	SCA8008432
Tesla 	SCA8008440
TFI Racing 	SCA8008445
Thermotec 	SCA8008453
Thetford 	SCA8008455
Thinkware 	SCA8008460
Thunderbox 	SCA8008465
Tire Stickers 	SCA8008480
Toledo 	SCA8008490
ToolPRO 	SCA8008495
ToolPRO-X 	SCA8008496
Top Performance 	SCA8008500
Topgun 	SCA8008505
Toyota 	SCA8008511
TP Japan 	SCA8008515
Trade Direct 	SCA8008520
Tradie 	SCA8008526
Tradies Seat Covers 	SCA8008527
Trafalgar 	SCA8008530
Trailer Vision 	SCA8008534
Transgold 	SCA8008540
Transteer 	SCA8008545
Transteering 	SCA8008550
TRED 	SCA8008555
Tridon 	SCA8008570
Triple7 	SCA8008575
Trojan 	SCA8008580
Tru-Flow 	SCA8008585
TRW 	SCA8008590
Tuff Cut 	SCA8008595
Tuff Tonneaus 	SCA8008600
Turtle Wax 	SCA8008615
Type S 	SCA8008620
UBD 	SCA8008790
Ultima 	SCA8008805
Uniden 	SCA8008813
UNIT 	SCA8008814
Unknown 	SCA8008815
Unimig 	SCA8008816
Urbanworx 	SCA8008820
Thermos 	SCA8008906
Valeo 	SCA8009005
Valvoline 	SCA8009010
Vandervell 	SCA8009015
Varta 	SCA8009017
VDO 	SCA8009020
Velocity 	SCA8009025
Verao 	SCA8009032
Vibe 	SCA8009040
Victron 	SCA8009041
Viking Rollers 	SCA8009042
Viper 	SCA8009045
VP Racing 	SCA8009047
Walbro 	SCA8009210
Walex 	SCA8009215
Wanderer 	SCA8009222
Wasp 	SCA8009225
Water Dreaming 	SCA8009227
Wattyl 	SCA8009230
WBB 	SCA8009235
WD-40 	SCA8009240
Wesfil 	SCA8009255
Whifft 	SCA8009257
Whiteline 	SCA8009260
Wildcard 	SCA8009270
Willow 	SCA8009275
Wipe-Itts 	SCA8009278
WiperTags 	SCA8009283
WorkPro 	SCA8009287
Worx 	SCA8009290
Wurth 	SCA8009294
XTM 	SCA8009407
Yakima 	SCA8009601
Yare 	SCA8009602
Yuasa 	SCA8009605
Car Builders 	SCA8009803
Zoo Performance 	SCA8009900